Individual,collection,AHR,AIING,BDNF,BMP2,HMGB2,HNFL,NB22519,PSMC1,PAX1P1,R35,RAG-1,TB01,TB29,TB73,ZFHX1B
Agigantea_HBS118599,H.B Shaffer Collection,MT958268,MT963935,MT959071,MT959337,MT965141,MT959879,MT960290,MT964649,MT961111,MT961185,MT961681,MT962105,MT962592,MT963043,MT963399
Agigantea_HBS118600,H.B Shaffer Collection,MT958269,MT963936,MT959072,MT959338,MT965140,MT959880,MT960291,MT964652,MT961088,MT961186,MT961682,MT962106,MT962593,MT963044,MT963400
Aldabrachelys_sp_HBS121013,H.B Shaffer Collection,MT958270,MT963937,MT959073,MT959339,MT965139,MT959881,MT960292,MT964650,MT961112,MT961187,MT961683,MT962107,MT962594,MT963045,MT963401
Aldabrachelys_sp_HBS121014,H.B Shaffer Collection,MT958271,MT963938,MT959074,MT959340,MT965138,MT959882,MT960293,MT964651,MT961113,MT961188,MT961684,MT962108,MT962595,MT963046,MT963402
Aradiata_HBS117743,H.B Shaffer Collection,MT958276,MT963943,MT959108,MT959345,MT965118,MT959886,MT960296,MT964663,MT961064,MT961193,MT961689,MT962111,MT962600,MT963048,MT963407
Aradiata_HBS117744,H.B Shaffer Collection,MT958277,MT963944,MT959109,MT959346,MT965407,MT959887,MT960297,MT964664,MT961065,MT961194,MT961690,MT962112,MT962601,MT963049,MT963408
Bborneoensis_HBS112448,H.B Shaffer Collection,MT958283,MT963951,MT959045,MT959353,MT965506,MT959892,MT960302,MT964731,MT961066,MT961200,MT961695,MT962117,MT962607,MT963053,GU085843
Bborneoensis_HBS112453,H.B Shaffer Collection,MT958284,MT963952,MT959046,MT959354,MT965162,MT959893,MT960303,MT964970,MT961069,MT961201,MT961696,MT962118,MT962608,MT963054,MT963415
Btrivittata_HBS112440,H.B Shaffer Collection,MT958286,MT963956,MT959050,MT959357,MT965161,MT959895,MT960307,MT964868,MT961091,MT961205,MT961699,MT962122,MT962612,MT963056,MT963418
Btrivittata_HBS112441,H.B Shaffer Collection,GU085508,GU085527,GU085546,GU085565,GU085584,GU085603,GU085617,GU085635,GU085653,GU085682,GU085669,GU085693,GU085711,MT963057,GU085835
Cabingdoni_HBS117543,H.B Shaffer Collection,MT958287,MT963957,MT959158,MT959359,MT965135,MT959896,MT960309,MT964654,MT961033,MT961206,MT961700,MT962124,MT962613,MT963058,MT963420
Cacutirostris_USNMFS187920,United States National Museum,MT958289,MT963959,MT958908,MT959361,MT965502,MT959898,MT960311,MT964866,MT960898,MT961208,MT961701,MT962126,MT962615,MT963060,MT963422
Camboinensis_FMNH255262,Field Museum of Natural History,JQ596009,JQ596049,JQ596089,JQ596129,JQ596169,EF011278,JQ596218,JQ596392,JQ596357,EF011428,JQ596438,JQ596485,JQ596524,JQ596562,JQ596600
Camboinensis_TNHC62989,Texas Natural History Collections,JQ596010,JQ596050,MT959219,MT959362,JQ596170,EF011279,JQ596219,JQ596393,JQ596358,EF011429,MT961702,MT962127,JQ596525,JQ596563,MT963423
Caurocapitata_FMNH261570,Field Museum of Natural History,JQ596011,JQ596051,JQ596091,JQ596131,JQ596171,EF011280,JQ596220,JQ596394,JQ596359,EF011430,JQ596440,JQ596487,JQ596526,JQ596564,JQ596602
Caurocapitata_MVZ234642,Museum of Vertebrate Zoology,JQ596012,JQ596052,JQ596092,JQ596132,JQ596172,EF011281,JQ596221,JQ596395,JQ596360,EF011431,JQ596441,JQ596488,JQ596527,JQ596565,JQ596603
Cbourreti_FMNH261579,Field Museum of Natural History,JQ596014,JQ596054,JQ596094,JQ596134,JQ596174,JQ596208,JQ596223,JQ596397,JQ596361,DQ386658,JQ596443,JQ596490,JQ596529,JQ596567,JQ596605
Ccarbonaria_HBS117901,H.B Shaffer Collection,MT958298,MT963968,MT959167,MT959370,MT965142,MT959903,MT960317,MT964653,MT961024,MT961217,MT961709,MT962135,MT962624,MT963066,MT963431
Ccaretta_HBS112700,H.B Shaffer Collection,MT958300,MT963970,MT958902,MT959372,MT965518,MT959904,MT960319,MT964943,MT961006,MT961218,MT961711,MT962137,MT962626,MT963067,MT963432
Ccaretta_HBS112701,H.B Shaffer Collection,MT958301,MT963971,MT958904,MT959373,MT965023,MT959905,MT960320,MT964944,MT961007,MT961219,MT961712,MT962138,MT962627,MT963068,MT963433
Cchathamensis_HBS117534,H.B Shaffer Collection,MT958302,MT963972,MT959160,MT959374,MT965133,MT959906,MT960321,MT964661,MT961018,MT961220,MT961713,MT962139,MT962628,MT963069,MT963434
Cchathamensis_HBS117535,H.B Shaffer Collection,MT958303,MT963973,MT959165,MT959375,MT965137,MT959907,MT960322,MT964662,MT961114,MT961221,MT961714,MT962140,MT962629,MT963070,MT963435
Cdentata_HBS117903,H.B Shaffer Collection,MT958308,MT963980,MT959218,MT959382,MT965219,MT959913,MT960327,MT964721,MT961173,MT961228,MT961719,MT962144,MT962635,MT963075,MT963442
Cdentata_HBS117904,H.B Shaffer Collection,MT958309,MT963981,MT959222,MT959383,MT965221,MT959914,MT960328,MT964722,MT961054,MT961229,MT961720,MT962145,MT962636,MT963076,MT963443
Cdenticulata_MVZ175382,Museum of Vertebrate Zoology,MT958310,MT963982,MT959169,MT959384,MT965519,MT959915,MT960329,MT964665,MT961128,MT961230,MT961721,MT962146,MT962637,MT963077,MT963444
Cdenticulata_MVZ175392,Museum of Vertebrate Zoology,MT958311,MT963983,MT959156,MT959385,MT965143,MT959916,MT960330,MT964666,MT961078,MT961231,MT961722,MT962147,MT962638,MT963078,MT963445
Cdorsalis_HBS26211,H.B Shaffer Collection,MT958312,MT963984,MT958936,MT959386,MT965060,MT959917,MT960331,MT964567,MT960920,MT961232,MT961723,MT962148,MT962639,MT963079,MT963446
Cephyppium_HBS117540,H.B Shaffer Collection,MT958314,MT963986,MT959159,MT959388,MT965136,MT959919,MT960333,MT964655,MT961116,MT961234,MT961724,MT962150,MT962641,MT963081,MT963448
Cflavomarginata_HBS41895,H.B Shaffer Collection,JQ596015,JQ596055,JQ596095,JQ596135,JQ596175,EF011284,JQ596224,JQ596398,JQ596362,EF011434,JQ596444,JQ596491,JQ596530,JQ596568,JQ596606
Cflavomarginata_MVZ230464,Museum of Vertebrate Zoology,JQ596016,JQ596056,JQ596096,JQ596136,JQ596176,EF011283,JQ596225,JQ596399,JQ596363,EF011433,JQ596445,JQ596492,JQ596531,JQ596569,JQ596607
Cfusca_CAS210070,California Academy of Sciences,JN797882,JN797929,MT959217,JN797898,JN797945,JN797987,JN797914,MT964990,JN798002,AM931701,MT961729,JN798030,JN798060,MT963085,MT963454
Cgalbinifrons_FMNH255694,Field Museum of Natural History,JQ596017,JQ596057,JQ596097,JQ596137,JQ596177,EF011285,JQ596226,JQ596400,JQ596364,EF011435,JQ596446,JQ596493,JQ596532,JQ596570,JQ596608
Cgalbinifrons_FMNH256544,Field Museum of Natural History,JQ596018,JQ596058,JQ596098,JQ596138,JQ596178,EF011286,JQ596227,JQ596401,JQ596365,EF011436,JQ596447,JQ596494,JQ596533,JQ596571,JQ596609
Cguttata_FMNH265273,Field Museum of Natural History,KX558368,KX558855,KX558332,KX558931,KX559048,FJ770630,KX559195,KX558783,KX558679,FJ770674,FJ770719,KX559229,FJ770809,FJ770855,KX559081
Cguttata_MVZ175961,Museum of Vertebrate Zoology,KX558369,KX558856,KC181165,KX558932,MT965047,FJ770629,KX559196,MT964582,KX558680,FJ770673,FJ770718,MT962159,FJ770808,FJ770854,MT963457
Choodensis_HBS117531,H.B Shaffer Collection,MT958327,MT963999,MT959162,MT959401,MT965129,MT959926,MT960339,MT964657,MT961027,MT961244,MT961734,MT962163,MT962652,MT963090,MT963461
Choodensis_HBS117532,H.B Shaffer Collection,MT958328,MT964000,MT959163,MT959402,MT965130,MT959927,MT960340,MT964658,MT961042,MT961245,MT961735,MT962164,MT962653,MT963091,MT963462
Cinsculpta_HBS119093,H.B Shaffer Collection,MT958331,MT964003,MT958784,MT959405,MT965015,MT959930,MT960343,MT964476,MT960792,MT961248,MT961737,MT962165,MT962656,MT963092,MT963465
Cmccordi_HBS41892,H.B Shaffer Collection,JQ596019,JQ596059,JQ596099,JQ596139,JQ596179,EF011287,JQ596228,JQ596402,JQ596366,EF011437,JQ596448,JQ596495,JQ596534,JQ596572,JQ596610
Cmccordi_HBS41893,H.B Shaffer Collection,JQ596020,JQ596060,JQ596100,JQ596140,JQ596180,EF011288,JQ596229,JQ596403,JQ596367,EF011438,JQ596449,JQ596496,JQ596535,JQ596573,JQ596611
Cmydas_HBS109887,H.B Shaffer Collection,GU085510,GU085529,GU085548,GU085567,GU085586,EU787076,GU085619,GU085637,GU085655,EU787159,AY687907,GU085695,EU787266,EU787373,GU085836
Cmydas_HBS112690,H.B Shaffer Collection,MT958336,MT964008,MT958899,MT959410,MT965018,MT959933,MT960346,MT964942,MT960921,MT961253,MT961743,MT962170,MT962662,MT963096,MT963471
Coldhami_USNMFS35571,United States National Museum,MT958340,MT964012,MT959226,MT959414,MT965220,MT959935,MT960347,MT964723,MT961172,MT961257,MT961747,MT962174,MT962666,MT963100,MT963475
Cpani_HBS117865,H.B Shaffer Collection,MT958341,MT964013,MT959223,MT959415,MT965182,MT959936,MT960348,MT964713,MT961124,MT961258,MT961748,MT962175,MT962667,MT963101,MT963476
Cpani_HBS41890,H.B Shaffer Collection,JQ596023,JQ596063,JQ596103,JQ596143,JQ596183,EF011293,JQ596232,JQ596406,JQ596368,EF011441,JQ596452,JQ596499,JQ596538,JQ596574,JQ596614
Cpicta_HBS27134,H.B Shaffer Collection,KX558370,KX558857,KX558333,KX558933,KX559050,FJ770627,KX559197,MG728558,KX558681,FJ770671,FJ770716,KX559231,FJ770806,FJ770852,KX559083
Cpicta_HBS27448,H.B Shaffer Collection,MT958345,MT964017,MT958933,MT959419,MT965058,FJ770628,MT960350,MT964565,MT960784,FJ770672,FJ770717,MT962179,FJ770807,FJ770853,MT963480
Cpicta_RCT428,Robert Thomson Collection,KX558371,KX558858,MG728119,MG728174,MG728284,MG728339,KC688087,KC687670,KX558682,KX559321,MT961751,MG728667,KX558716,MG728829,MT963481
Cpicturata_FMNH261575,Field Museum of Natural History,JQ596025,JQ596065,JQ596105,JQ596145,JQ596185,EF011295,JQ596234,JQ596408,JQ596369,EF011443,JQ596454,JQ596501,JQ596540,JQ596576,JQ596615
Cporteri_HBS117537,H.B Shaffer Collection,MT958347,MT964019,MT959166,MT959421,MT965132,MT959940,MT960352,MT964659,MT961030,MT961262,MT961752,MT962181,MT962671,MT963105,MT963482
Cporteri_HBS117538,H.B Shaffer Collection,MT958348,MT964020,MT959164,MT959422,MT965131,MT959941,MT960353,MT964660,MT961029,MT961263,MT961753,MT962182,MT962672,MT963106,MT963483
Cserpentina_HBS23551,H.B Shaffer Collection,GU085512,GU085531,GU085550,GU085569,GU085588,GU085606,GU085621,GU085639,GU085657,AY742461,AY687906,GU085697,EU907535,MT963114,GU085838
Cserpentina_HBS39713,H.B Shaffer Collection,MT958356,MT964029,MT958910,MT959431,MT965025,MT959945,MT960356,MT964547,MT960899,AY905231,MT961759,MT962190,MT962681,MT963115,MT963492
Ctrifasciata_KFBG030278065,Kadoorie Farms and Botanic Gardens,JQ596036,JQ596076,JQ596116,JQ596156,JQ596196,EF011312,JQ596245,JQ596419,JQ596379,EF011448,JQ596465,JQ596512,JQ596551,JQ596587,JQ596626
Ctrifasciata_KFBG030552847,Kadoorie Farms and Botanic Gardens,JQ596037,JQ596077,JQ596117,JQ596157,JQ596197,EF011308,JQ596246,JQ596420,JQ596380,EF011450,JQ596466,JQ596513,JQ596552,JQ596588,JQ596627
Cyclemys_sp_CAS208423,California Academy of Sciences,MT958361,MT964035,MT959216,MT959437,MT965531,MT959948,MT960358,MT964720,MT961142,MT961278,MT961763,MT962195,MT962687,MT963120,MT963498
Cyclemys_sp_FMNH267458,Field Museum of Natural History,MT958363,MT964037,MT959209,MT959439,MT965508,MT959950,MT960360,MT964724,MT960924,MT961280,MT961765,MT962197,MT962689,MT963121,MT963500
Czhoui_HBS41855,H.B Shaffer Collection,JQ596046,JQ596086,JQ596126,JQ596166,JQ596206,EF011313,JQ596255,JQ596429,JQ596389,EF011461,JQ596475,JQ596522,EU907524,JQ596597,JQ596635
Czhoui_HBS41862,H.B Shaffer Collection,JQ596047,JQ596087,JQ596127,JQ596167,JQ596207,EF011315,JQ596256,JQ596430,JQ596390,EF011463,JQ596476,JQ596523,JQ596561,JQ596598,JQ596636
Dcoriacea_MVZ149847,Museum of Vertebrate Zoology,MT958364,MT964038,MT958850,MT959440,MT965434,MT959951,MT960361,MT964838,MT960916,MT961281,MT961766,MT962198,MT962690,MT963122,MT963501
Dcoriacea_MVZ149849,Museum of Vertebrate Zoology,GU085513,GU085532,GU085551,GU085570,GU085589,GU085607,GU085622,GU085640,GU085658,GU085684,GU085671,GU085698,GU085714,MT963123,GU085839
Dermatemys_mawii_HBS116865,H.B Shaffer Collection,KJ582522,KJ582559,KJ582606,KJ582653,KJ582700,KJ582747,KJ582786,KJ582831,KJ582874,KJ582913,MT961767,KJ583004,KJ583049,MT963124,KJ583090
Dermatemys_mawii_HBS116867,H.B Shaffer Collection,MT958366,MT964040,KJ582607,KJ582654,KJ582701,MT959953,MT960363,KJ582832,KJ582875,KJ582914,MT961768,MT962200,MT962692,MT963125,MT963503
Drchrysea_HBS108680,H.B Shaffer Collection,KX558372,KX558859,MT958931,KX558934,KX559051,FJ770632,KX559198,KX558786,KX558683,FJ770676,FJ770721,KX559232,FJ770811,FJ770857,MT963504
Drreticularia_MVZ137744,Museum of Vertebrate Zoology,MT958368,MT964042,MT958929,MT959444,KX559052,FJ770631,KX559199,KX558787,KX558684,FJ770675,FJ770720,MT962202,FJ770810,FJ770856,MT963505
Eblandingii_HBS116243,H.B Shaffer Collection,KX558374,KX558861,MT958940,KX558936,KX559053,KX559274,KX559200,KX558788,KX558685,KX559322,MT961771,KX559234,KX558717,KX558738,KX559086
Eblandingii_HBS23408,H.B Shaffer Collection,MT958371,MT964045,MT958939,KX558937,MT965038,EU787096,MT960367,MT964918,KX558686,AY905211,EU787253,MT962205,EU787279,EU787386,MT963508
Eimbricata_HBS112685,H.B Shaffer Collection,MT958377,MT964051,MT958905,MT959453,MT965022,MT959958,MT960369,MT964911,MT960937,MT961291,MT961775,MT962211,MT962695,MT963131,MT963514
Eimbricata_HBS112687,H.B Shaffer Collection,MT958378,MT964052,MT958903,MT959454,MT965021,MT959959,MT960370,MT964941,MT960932,MT961292,MT961776,MT962212,MT962696,MT963132,MT963515
Emarmorata_HBS39734,H.B Shaffer Collection,KJ581998,KJ582174,KJ581886,KC687422,KC687336,GU064010,KC688088,KC687671,KJ582485,AY905242,MT961787,KC687507,KJ582261,KC687922,KJ581935
Emarmorata_HBS39859,H.B Shaffer Collection,MT958391,MT964065,KJ581892,KJ581981,MT965374,GU064025,KJ581932,KJ582020,KJ582491,AY905262,MT961788,KJ581860,MT962700,MT963142,MT963528
Eorbicularis_HBS108690,H.B Shaffer Collection,KX558376,KX558863,KX558339,KX558938,KX559055,EU787154,KX559203,KX558790,KX558687,EU787214,EU787263,KX559236,EU787289,EU787396,MT963531
Eorbicularis_HBS108694,H.B Shaffer Collection,KX558377,KX558864,MT958916,KX558939,KX559056,EU787152,MT960375,KX558791,KX558688,EU787212,EU787262,MT962227,EU787288,EU787395,KX559090
Epallida_HBS115911,H.B Shaffer Collection,MT958397,KJ582173,KJ581885,MT959473,KJ582006,MT959968,KJ581926,KJ582014,KJ582484,MT961307,MT961792,KJ581854,KJ582260,KJ582350,KJ581934
Epallida_HBS39753,H.B Shaffer Collection,KJ581999,KJ582175,KJ581887,MT959472,MT965373,EU787110,MT960376,KJ582015,KJ582493,MT961306,MT961791,KJ581855,EU787283,EU787390,KJ581936
Etrinacris_IPMB4706,"Institute for Pharmacy and Molecular Biotechnology, Heidelberg",MT958404,MT964078,MT958917,KX558940,KX559057,FJ770633,MT960378,MT964921,KX558689,FJ770677,FJ770722,KX559238,FJ770812,FJ770858,MT963541
Etrinacris_IPMB4707,"Institute for Pharmacy and Molecular Biotechnology, Heidelberg",MT958405,MT964079,MT958918,MT959481,MT965045,FJ770634,MT960379,MT964922,MT960780,FJ770678,FJ770723,MT962237,FJ770813,FJ770859,MT963542
Gagassizii_GOAG01,Taylor Edwards Collection,MT958408,MT964082,MT959128,MT959484,MT965176,MT959977,MT960380,MT964617,MT960763,MT961316,MT961801,MT962240,MT962703,MT963153,MT963545
Gagassizii_GOAG02,Taylor Edwards Collection,MT958409,MT964083,MT959127,MT959485,MT965175,MT959978,MT960381,MT964618,MT960938,MT961317,MT961802,MT962241,MT962704,MT963154,MT963546
Gbarbouri_RCT277,Robert Thomson Collection,KX558380,KX558867,KX558343,MG728178,KX559059,MT959981,KX559207,MG728562,KX558691,KX559323,MT961805,KX559240,KX558718,MG728833,KX559093
Gbarbouri_RCT51,Robert Thomson Collection,MT958411,MT964085,MT958991,MT959487,MT965381,MT959980,MT960383,MT964560,MT960820,KX559324,MT961804,MT962243,KX558719,MG728834,KX559094
Gberlandieri_GOBE01,Taylor Edwards Collection,MT958413,MT964087,MT959130,MT959489,MT965478,MT959982,MT960385,MT964614,MT960939,MT961321,MT961806,MT962245,MT962707,MT963158,MT963550
Gberlandieri_GOBE02,Taylor Edwards Collection,MT958414,MT964088,MT959132,MT959490,MT965181,MT959983,MT960386,MT964615,MT961021,MT961322,MT961807,MT962246,MT962708,MT963159,MT963551
Gcaglei_RCT431,Robert Thomson Collection,MT958415,MT964089,MG728126,MG728181,MG728291,MT959984,MG728401,MT964825,MT960822,MT961323,MT961808,MG728674,MT962709,MG728836,MT963552
Gelegans_MVZ244882,Museum of Vertebrate Zoology,MT958417,MT964091,MT959173,MT959493,MT965147,MT959986,MT960389,MT964640,MT961079,MT961325,MT961810,MT962249,MT962710,MT963162,MT963554
Gelegans_MVZ248395,Museum of Vertebrate Zoology,MT958418,MT964092,MT959174,MT959494,MT965522,MT959987,MT960390,MT964641,MT961080,MT961326,MT961811,MT962250,MT962711,MT963163,MT963555
Gernsti_RCT276,Robert Thomson Collection,MT958420,MT964094,MT958990,MT959496,MG728295,MT959989,MT960392,MT964830,MT960805,MT961328,MT961813,MG728678,MT962713,MG728840,MT963557
Gernsti_RCT45,Robert Thomson Collection,MT958419,MT964093,MT958999,MG728186,MT965396,MT959988,MT960391,MT964829,MT960804,MT961327,MT961812,MT962251,MT962712,MT963164,MT963556
Gflavimaculata_RCT140,Robert Thomson Collection,KX558382,KX558869,KX558345,KX558944,MG728298,KX559277,KX559209,MG728572,KX558693,KX559325,MT961815,MT962254,KX558720,KX558741,MT963559
Gflavimaculata_RCT28,Robert Thomson Collection,MT958421,MT964095,MT958957,MT959497,MT965390,MT959990,MT960393,MG728573,KX558694,MT961329,MT961814,MT962253,KX558721,MT963166,MT963558
Gflavomarginatus_GOFL01,Taylor Edwards Collection,MT958423,MT964097,MT959134,MT959499,MT965170,MT959992,MT960395,MT964627,MT961129,MT961331,MT961816,MT962255,MT962716,MT963168,MT963560
Gflavomarginatus_GOFL02,Taylor Edwards Collection,MT958424,MT964098,MT959135,MT959500,MT965169,MT959993,MT960396,MT964628,MT961000,MT961332,MT961817,MT962256,MT962717,MT963169,MT963561
Ggeographica_RCT396,Robert Thomson Collection,KX558384,MT964100,MT959014,MG728194,KX559063,KX559279,MG728414,MG728577,KX558695,KX559327,MT961819,MG728687,KX558722,MG728849,KX559097
Ggeographica_RCT94,Robert Thomson Collection,KX558385,MT964099,MT958950,MG728196,KX559064,KX559280,MG728416,MG728579,MT960839,MT961333,MT961818,KX559245,KX558723,MT963170,MT963562
Ggibbonsi_RCT170,Robert Thomson Collection,MT958427,MT964101,MT958945,MT959503,MT965394,MT959996,MG728417,MT964831,MT960806,MT961335,MT961820,MT962259,MT962720,MG728852,MT963564
Ggibbonsi_RCT185,Robert Thomson Collection,MT958428,MT964102,MT958944,MT959504,MT965393,MT959997,MT960400,MT964832,MT960717,MT961336,MT961821,MT962260,MT962721,MG728853,MT963565
Ghamiltonii_HBS108665,H.B Shaffer Collection,MT958429,MT964103,MT959033,MT959505,MT965157,MT959998,MT960401,MT964677,MT961084,MT961337,MT961822,MT962261,MT962722,MT963174,MT963566
Ginsculpta_HBS108711,H.B Shaffer Collection,KX558386,KX558873,KX558349,KX558948,KX559065,FJ770636,KX559213,KX558800,KX558697,FJ770680,FJ770725,KX559246,FJ770815,FJ770861,KX559099
Ginsculpta_HBS108712,H.B Shaffer Collection,MT958432,KX558874,MT958921,MT959508,MT965031,FJ770635,MT960404,KX558801,KX558698,FJ770679,FJ770724,KX559247,FJ770814,FJ770860,MT963569
Gjaponica_HBS121585,H.B Shaffer Collection,MT958434,MT964108,MT959210,MT959510,MT965214,MT960000,MT960406,MT964718,MT961098,MT961340,MT961823,MT962266,MT962725,MT963177,MT963571
Gjaponica_HBS121586,H.B Shaffer Collection,MT958435,MT964109,MT959224,MT959511,MT965213,MT960001,MT960407,MT964719,MT961099,MT961341,MT961824,MT962267,MT962726,MT963178,MT963572
Gmorafkai_GOAG03,Taylor Edwards Collection,MT958436,MT964110,MT959136,MT959512,MT965174,MT960002,MT960408,MT964616,MT960905,MT961342,MT961825,MT962268,MT962727,MT963179,MT963573
Gmorafkai_Sinaloa_LC02,Taylor Edwards Collection,MT958438,MT964112,MT959131,MT959514,MT965173,MT960004,MT960410,MT964623,MT960769,MT961344,MT961827,MT962270,MT962729,MT963181,MT963575
Gmorafkai_Sinaloa_LS05,Taylor Edwards Collection,MT958439,MT964113,MT959133,MT959515,MT965179,MT960005,MT960411,MT964621,MT960716,MT961345,MT961828,MT962271,MT962730,MT963182,MT963576
Gmorafkai_Sinaloa_LS09,Taylor Edwards Collection,MT958440,MT964114,MT959138,MT959516,MT965178,MT960006,MT960412,MT964624,MT960810,MT961346,MT961829,MT962272,MT962731,MT963183,MT963577
Gmorafkai_Sinaloa_SM06,Taylor Edwards Collection,MT958441,MT964115,MT959125,MT959517,MT965180,MT960007,MT960413,MT964622,MT961060,MT961347,MT961830,MT962273,MT962732,MT963184,MT963578
Gmuhlenbergii_HBS108716,H.B Shaffer Collection,KX558388,KX558875,KX558351,KX558950,KX559067,FJ770637,KX559215,KX558802,KX558699,FJ770681,FJ770726,KX559248,FJ770816,FJ770862,MT963579
Gmuhlenbergii_HBS108717,H.B Shaffer Collection,MT958443,MT964117,MT958938,MT959519,MT965033,FJ770638,MT960415,KC687746,MT960874,FJ770682,MT961831,MT962275,FJ770817,FJ770863,MT963580
Gndelticola_RCT291,Robert Thomson Collection,MT958444,MT964118,MT958960,MT959520,MT965388,MT960009,MT960416,MG728584,MT960888,MT961349,MT961832,MG728694,MT962734,MT963186,MT963581
Gndelticola_RCT292,Robert Thomson Collection,MT958445,MT964119,MT958961,MG728202,MG728312,MG728367,MG728422,MT964818,MT960841,MT961350,MT961833,MT962277,MT962735,MT963187,MT963582
Gnnigrinoda_RCT259,Robert Thomson Collection,MG729181,MT964121,MT958962,MT959523,MT965386,MT960012,MG728424,MT964820,MT960860,MT961352,MT961835,MT962279,MT962736,MT963189,MT963584
Goculifera_RCT26,Robert Thomson Collection,MG729184,MT964122,MT958956,MT959524,MT965385,MT960013,MT960420,MT964821,MT960832,MT961353,MT961836,MG728700,MT962737,MT963190,MT963585
Goculifera_RCT315,Robert Thomson Collection,MG729185,MT964123,MT958963,MG728208,MT965384,MT960014,MT960421,MT964822,MT960823,MT961354,MT961837,MG728701,MT962738,MG728862,MT963586
Goouachitensis_RCT406,Robert Thomson Collection,MG729186,MT964125,MT958986,MG728209,MG728319,MT960016,MT960423,MG728592,MT960862,MT961356,MT961839,MG728702,MT962739,MG728863,MT963588
Gosabinensis_RCT444,Robert Thomson Collection,MG729189,MT964127,MT959000,MT959529,MG728322,MT960018,MT960425,MG728595,MT960863,MT961358,MT961841,MG728705,MT962740,MT963195,MT963590
Gpkohnii_RCT10,Robert Thomson Collection,MT958456,MT964130,MT958996,MT959532,MG728325,MG728380,MT960428,MT964814,MT960875,MT961361,MT961842,MG728708,MT962743,MT963197,MT963593
Gplatynota_HBS119441,H.B Shaffer Collection,MT958458,MT964132,MT959175,MT959534,MT965365,MT960023,MT960430,MT964643,MT961039,MT961363,MT961844,MT962290,MT962744,MT963199,MT963595
Gplatynota_HBS119442,H.B Shaffer Collection,MT958459,MT964133,MT959176,MT959535,MT965146,MT960024,MT960431,MT964642,MT961052,MT961364,MT961845,MT962291,MT962745,MT963200,MT963596
Gplatynota_HBS119443,H.B Shaffer Collection,MT958460,MT964134,MT959172,MT959536,MT965432,MT960025,MT960432,MT964644,MT961053,MT961365,MT961846,MT962292,MT962746,MT963201,MT963597
Gpolyphemus_HBS108684,H.B Shaffer Collection,MT958461,MT964135,MT959139,MT959537,MT965172,MT960026,MT960433,MT964625,MT961092,MT961366,MT961847,MT962293,MT962747,MT963202,MT963598
Gpolyphemus_HBS108686,H.B Shaffer Collection,MT958462,MT964136,MT959126,MT959538,MT965171,MT960027,MT960434,MT964626,MT961073,MT961367,MT961848,MT962294,MT962748,MT963203,MT963599
Gppseudogeographica_RCT379,Robert Thomson Collection,MT958464,MT964138,MT959015,MG728219,MT965406,MT960029,MT960436,MG728602,MT960865,MT961369,MT961850,MT962296,MT962750,MT963205,MT963601
Gppseudogeographica_RCT83,Robert Thomson Collection,MT958463,MT964137,MT958985,MT959539,MT965403,MT960028,MG728440,MG728603,MT960864,MT961368,MT961849,MG728713,MT962749,MT963204,MT963600
Gpulchra_RCT258,Robert Thomson Collection,MT958466,MT964140,MT959016,MT959542,MT965391,MT960031,MG728444,MG728607,MT960793,MT961371,MT961852,MT962298,MT962752,MT963207,MT963603
Gpulchra_RCT34,Robert Thomson Collection,MT958465,MT964139,MT958987,MT959541,MT965392,MT960030,MT960437,MT964833,MT960843,MT961370,MT961851,MT962297,MT962751,MG728879,MT963602
Gspengleri_AMNH106625,American Museum of Natural History,MT958467,MT964141,MT959207,MT959543,MT965530,MT960032,MT960439,MT964698,MT961026,MT961372,MT961853,MT962299,MT962753,MT963208,MT963604
Gsulcata_HBS119112,H.B Shaffer Collection,MT958470,MT964144,MT959171,MT959545,MT965144,MT960034,MT960442,MT964648,MT961106,MT961375,MT961855,MT962302,MT962756,MT963211,MT963607
Gversa_RCT327,Robert Thomson Collection,MT958472,MT964146,MT958997,MG728226,MG728336,MG728391,MT960444,MG728609,MT960844,MT961377,MT961857,MG728719,MT962758,MT963213,MT963609
Gversa_RCT69,Robert Thomson Collection,MT958471,MT964145,MT959019,MG728228,MT965402,MT960035,MT960443,MG728611,MT960778,MT961376,MT961856,MG728721,MT962757,MT963212,MT963608
Hannandalii_FMNH259074,Field Museum of Natural History,JN797883,JN797930,MT959143,JN797899,JN797946,JN797988,JN797915,MT964695,JN798003,JN798046,MT961858,JN798031,JN798061,MT963214,MT963610
Hdepressa_HBS112432,H.B Shaffer Collection,JN797885,JN797932,MT959188,JN797901,JN797948,JN797990,JN797917,MT964693,JN798005,JN798048,MT961862,JN798033,JN798063,MT963217,MT963614
Hdepressa_HBS112434,H.B Shaffer Collection,JN797886,JN797933,MT959189,JN797902,JN797949,JN797991,JN797918,MT964694,MT961169,JN798049,MT961863,JN798034,JN798064,MT963218,MT963615
Hsignatus_HBS122118,H.B Shaffer Collection,MT958475,MT964151,MT959090,MT959552,MT965105,MT960040,MT960450,MT964646,MT961023,MT961381,MT961866,MT962308,MT962763,MT963221,MT963617
Hthurjii_AMNH125655,American Museum of Natural History,MT958477,MT964156,MT959044,MT959557,MT965529,MT960043,MT960452,MT964733,MT961017,MT961386,MT961870,MT962313,MT962768,MT963226,MT963624
Ielongata_FMNH259056,Field Museum of Natural History,MT958478,MT964157,MT959183,MT959558,MT965484,MT960044,MT960453,MT964781,MT961160,MT961387,MT961871,MT962314,MT962769,MT963227,MT963625
Ielongata_HBS121590,H.B Shaffer Collection,MT958479,MT964158,MT959184,MT959559,MT965237,MT960045,MT960454,MT964606,MT961161,MT961388,MT961872,MT962315,MT962770,MT963228,MT963626
Itravancorica_AMCC142999,Ambrose Monell Cryo Collection AMNH,MT958480,MT964161,MT959178,MT959562,MT965236,MT960048,MT960457,MT964605,MT961150,MT961391,MT961875,MT962318,MT962773,MT963231,MT963629
Kbelliana_HBS112791,H.B Shaffer Collection,MT958481,MT964162,MT959077,MT959563,MT965108,MT960049,MT960458,MT964925,MT961117,MT961392,MT961876,MT962319,MT962774,MT963232,MT963630
Kbelliana_HBS112792,H.B Shaffer Collection,MT958482,MT964163,MT959079,MT959564,MT965109,MT960050,MT960459,MT964595,MT961118,MT961393,MT961877,MT962320,MT962775,MT963233,MT963631
Kbelliana_HBS117690,H.B Shaffer Collection,MT958483,MT964164,MT959083,MT959565,MT965114,MT960051,MT960460,MT964610,MT961119,MT961394,MT961878,MT962321,MT962776,MT963234,MT963632
Kerosa_HBS124036,H.B Shaffer Collection,MT958486,MT964167,MT959081,MT959568,MT965117,MT960054,MT960462,MT964611,MT960771,MT961396,MT961880,MT962324,MT962779,MT963237,MT963634
Kerosa_HBS13617,H.B Shaffer Collection,MT958485,MT964166,MT959076,MT959567,MT965113,MT960053,MT960461,MT964613,MT961074,MT961395,MT961879,MT962323,MT962778,MT963236,MT963633
Kspekii_HBS112790,H.B Shaffer Collection,MT958519,MT964204,MT959080,MT959604,MT965107,MT960085,MT960497,MT964596,MT961076,MT961433,MT961912,MT962359,MT962813,MT963240,MT963670
Kspekii_HBS118602,H.B Shaffer Collection,MT958520,MT964205,MT959084,MT959605,MT965115,MT960086,MT960498,MT964978,MT961120,MT961434,MT961913,MT962360,MT962814,MT963241,MT963671
Kspekii_HBS118603,H.B Shaffer Collection,MT958521,MT964206,MT959085,MT959606,MT965110,MT960087,MT960499,MT964926,MT961121,MT961435,MT961914,MT962361,MT962815,MT963242,MT963672
Lolivacea_MVZ158974,Museum of Vertebrate Zoology,MT958523,MT964208,MT958901,MT959608,MT965019,MT960089,MT960501,MT964885,MT961001,MT961437,MT961915,MT962363,MT962817,MT963244,MT963674
Lyuwonoi_HBS118604,H.B Shaffer Collection,MT958528,MT964213,MT959150,MT959613,MT965217,MT960090,MT960506,MT964704,MT961170,MT961442,MT961917,MT962368,MT962821,MT963245,MT963679
Mannamensis_FMNH269634,Field Museum of Natural History,MT958531,MT964216,MT959213,MT959616,MT965473,MT960093,MT960509,MT964716,MT961131,MT961445,MT961919,MT962371,MT962824,MT963247,MT963681
Mannamensis_MVZ230462,Museum of Vertebrate Zoology,MT958532,MT964217,MT959205,MT959617,MT965367,MT960094,MT960510,MT964786,MT961151,DQ386655,MT961920,MT962372,MT962825,MT963248,MT963682
Meemys_HBS112449,H.B Shaffer Collection,MT958537,MT964222,MT959094,MT959622,MT965187,MT960098,MT960513,MT964591,MT961056,MT961451,MT961925,MT962377,MT962828,MT963251,MT963687
Mimpressa_HBS119444,H.B Shaffer Collection,MT958546,MT964233,MT959093,MT959633,MT965194,MT960104,MT960518,MT964590,MT961165,MT961462,MT961935,MT962388,MT962835,MT963254,MT963698
Mjaponica_HBS116253,H.B Shaffer Collection,MT958547,MT964234,MT959227,MT959634,MT965207,MT960105,MT960519,MT964705,MT961143,MT961463,MT961936,MT962389,MT962836,MT963255,MT963699
Mjaponica_HBS123614,H.B Shaffer Collection,MT958548,MT964235,MT959230,MT959635,MT965206,MT960106,MT960520,MT964785,MT961132,MT961464,MT961937,MT962390,MT962837,MT963256,MT963700
Mjaponica_HBS123615,H.B Shaffer Collection,MT958549,MT964236,MT959225,MT959636,MT965205,MT960107,MT960521,MT964799,MT961144,MT961465,MT961938,MT962391,MT962838,MT963257,MT963701
Mleprosa_MVZ178059,Museum of Vertebrate Zoology,MT958552,MT964239,MT959148,MT959639,MT965464,MT960109,MT960522,MT964690,MT961101,MT961468,MT961941,MT962394,MT962839,MT963260,MT963704
Mleprosa_MVZ231989,Museum of Vertebrate Zoology,MT958553,MT964240,MT959149,MT959640,MT965203,MT960110,MT960523,MT964691,MT961043,MT961469,MT961942,MT962395,MT962840,MT963261,MT963705
Mmutica_MVZ230476,Museum of Vertebrate Zoology,JQ596008,JQ596048,JQ596088,JQ596128,JQ596168,EF011276,JQ596217,JQ596391,JQ596356,EF011426,FJ770713,JQ596484,FJ770803,FJ770849,JQ596599
Mmutica_MVZ230477,Museum of Vertebrate Zoology,MT958554,MT964241,MT959211,MT959641,MT965208,MT960112,MT960524,MT964931,MT960866,DQ386665,MT961943,MT962396,MT962841,MT963262,MT963706
Mmutica_MVZ230487,Museum of Vertebrate Zoology,MT958555,MT964242,MT959212,MT959642,MT965210,EU787080,MT960525,MT964991,MT961133,EF011427,EU787244,MT962397,EU787270,EU787377,MT963707
Mocellata_USNMFS36669,United States National Museum,MT958563,MT964250,MT959036,MT959650,MT965159,MT960115,MT960530,MT964783,MT961100,MT961478,MT961950,MT962405,MT962849,MT963267,MT963715
Mocellata_USNMFS36847,United States National Museum,MT958564,MT964251,MT959037,MT959651,MT965158,MT960116,MT960531,MT964676,MT961152,MT961479,MT961951,MT962406,MT962850,MT963268,MT963716
Mpetersi_FMNH260378,Field Museum of Natural History,MT958565,MT964252,MT959035,MT959652,MT965433,MT960117,MT960532,MT964675,MT961145,MT961480,MT961952,MT962407,MT962851,MT963269,MT963717
Mrivulata_AMNH168666,American Museum of Natural History,MT958569,MT964258,MT959196,MT959658,MT965196,MT960122,MT960536,MT964863,MT961146,MT961486,MT961958,MT962413,MT962855,MT963274,MT963721
Msubtrijuga_MVZ230473,Museum of Vertebrate Zoology,MT958573,MT964262,MT959038,MT959662,MT965099,MT960126,MT960540,MT964782,MT961095,MT961490,MT961961,MT962417,MT962859,MT963276,MT963725
Mtemminckii_HBS108582,H.B Shaffer Collection,MT958574,MT964263,MT958907,MT959663,MT965525,MT960127,MT960541,MT964544,MT960884,MT961491,MT961962,MT962418,MT962860,MT963277,MT963726
Mtemminckii_HBS108583,H.B Shaffer Collection,GU085519,GU085538,GU085557,GU085576,GU085595,GU085612,GU085628,GU085645,GU085662,GU085688,GU085677,GU085704,GU085720,MT963278,GU085844
Mterrapin_MVZ137745,Museum of Vertebrate Zoology,KX558389,KX558876,MT958984,MT959664,KX559068,FJ770645,KX559216,KX558803,KX558700,FJ770690,FJ770735,KX559249,FJ770825,FJ770871,MT963727
Mterrapin_RCT472,Robert Thomson Collection,MG729153,KX558877,MG728121,MG728176,MG728286,KX559281,MG728396,MG728560,KX558701,KX559329,MT961963,MG728669,KX558724,MG728831,KX559103
Mtornieri_HBS121010,H.B Shaffer Collection,MT958577,MT964266,MT959059,MT959666,MT965229,MT960129,MT960544,MT964982,MT961025,MT961493,MT961964,MT962421,MT962862,MT963280,MT963729
Mtornieri_HBS121011,H.B Shaffer Collection,MT958578,MT964267,MT959060,MT959667,MT965228,MT960130,MT960545,MT964597,MT961125,MT961494,MT961965,MT962422,MT962863,MT963281,MT963730
Nplatynota_FMNH267641,Field Museum of Natural History,MT958588,MT964277,MT959100,MT959677,MT965474,MT960137,MT960552,MT964809,MT961126,MT961504,MT961969,MT962430,MT962872,MT963285,MT963738
Nplatynota_FMNH267644,Field Museum of Natural History,MT958590,MT964279,MT959099,MT959679,MT965498,MT960139,MT960554,MT964808,MT961171,MT961506,MT961971,MT962432,MT962874,MT963287,MT963740
Oborneensis_HBS108664,H.B Shaffer Collection,MT958592,MT964281,MT959041,MT959681,MT965097,MT960140,MT960556,MT964673,MT961153,MT961508,MT961973,MT962434,MT962876,MT963289,MT963742
Paarachnoides_HBS117734,H.B Shaffer Collection,MT958593,MT964282,MT959067,MT959682,MT965126,MT960141,MT960557,MT964636,MT961059,MT961509,MT961974,MT962435,MT962877,MT963290,MT963743
Paarachnoides_HBS117737,H.B Shaffer Collection,MT958594,MT964283,MT959068,MT959683,MT965124,MT960142,MT960558,MT964986,MT960996,MT961510,MT961975,MT962436,MT962878,MT963291,MT963744
Pabrygooi_HBS117728,H.B Shaffer Collection,MT958595,MT964284,MT959061,MT959684,MT965123,MT960143,MT960559,MT964637,MT961122,MT961511,MT961976,MT962437,MT962879,MT963292,MT963745
Palabamensis_HBS117816,H.B Shaffer Collection,MT958597,MT964286,MT959002,MT959686,KC687339,KC687595,KC688091,MT964947,MT960885,MT961513,MT961977,MT962438,MT962881,KC687925,MT963747
Paoblonga_HBS117731,H.B Shaffer Collection,MT958599,MT964288,MT959069,MT959688,MT965125,MT960147,MT960562,MT964638,MT960775,MT961515,MT961978,MT962440,MT962883,MT963295,MT963749
Paoblonga_HBS119446,H.B Shaffer Collection,MT958600,MT964289,MT959070,MT959689,MT965360,MT960148,MT960563,MT964639,MT961048,MT961516,MT961979,MT962441,MT962884,MT963296,MT963750
Paoblonga_HBS119447,H.B Shaffer Collection,MT958601,MT964290,MT959066,MT959690,MT965445,MT960149,MT960564,MT964992,MT961049,MT961517,MT961980,MT962442,MT962885,MT963297,MT963751
Pbibroni_HBS118593,H.B Shaffer Collection,MT958604,MT964293,MT958829,MT959693,MT965000,MT960152,MT960566,MT964497,MT960740,MT961520,MT961982,MT962443,MT962888,MT963298,MT963754
Pcfloridana_HBS108682,H.B Shaffer Collection,MT958617,MT964307,MT958983,MT959707,MT965057,FJ770648,MT960576,MT964963,MT960908,FJ770693,FJ770738,MT962447,FJ770828,FJ770874,MT963768
Pcfloridana_HBS108683,H.B Shaffer Collection,MT958618,MT964308,MT958981,MT959708,MT965503,FJ770647,MT960577,MT964951,MT960909,FJ770692,FJ770737,MT962448,FJ770827,FJ770873,MT963769
Pconcinna_HBS15761,H.B Shaffer Collection,MT958621,MT964311,MT959024,MT959711,MT965052,MT960167,MT960578,MT964550,MT960877,MT961536,MT961989,MT962449,EU907530,MT963300,MT963772
Pcsuwanniensis_HBS108591,H.B Shaffer Collection,MT958623,MT964313,MT958955,MT959713,MT965055,KC687649,MT960580,MT964961,MT960834,MT961538,MT961991,MT962451,MT962906,KC687981,MT963773
Pgorzugi_HBS117907,H.B Shaffer Collection,MT958634,MT964324,MT959021,MT959724,MT965054,MT960180,MT960586,MT964730,MT960878,MT961549,MT961997,MT962454,MT962916,MT963305,MT963784
Pgorzugi_HBS117908,H.B Shaffer Collection,MT958635,MT964325,MT959004,MT959725,MT965053,MT960181,MT960587,MT964580,MT960879,MT961550,MT961998,MT962455,MT962917,MT963306,MT963785
Pmegacephalum_HBS16255,H.B Shaffer Collection,GU085520,GU085539,GU085558,GU085577,GU085596,EU787077,GU085629,GU085646,GU085663,EU787160,AY687905,GU085705,EU787267,EU787374,GU085845
Pmegacephalum_USNM572077,United States National Museum,MT958642,MT964332,MT959140,MT959732,MT965030,MT960186,MT960588,MT964876,MT960922,MT961557,MT962005,MT962462,MT962924,MT963309,MT963792
Pnelsoni_HBS108599,H.B Shaffer Collection,MT958643,MT964333,MT958952,MT959733,KC687405,FJ770649,MT960589,KC687740,MT960894,FJ770694,FJ770739,MT962463,FJ770829,FJ770875,MT963793
Pnelsoni_MVZ164993,Museum of Vertebrate Zoology,MT958644,MT964334,MT958978,KC687492,KC687406,KC687658,KC688158,KC687741,MT960895,MT961558,MT962006,MT962464,MT962925,KC687990,MT963794
Ppeninsularis_CRI13953,Chelonian Research Institute,MT958648,MT964338,MT958953,KC687493,MT965430,KC687659,KC688159,KC687742,MT960902,MT961562,MT962008,MT962466,MT962928,MT963312,MT963798
Ppeninsularis_HBS108722,H.B Shaffer Collection,MT958649,MT964339,MT958954,MT959739,MT965429,FJ770650,KC688163,MT964960,MT960903,FJ770695,FJ770740,KC687582,FJ770830,FJ770876,MT963799
Ppeninsularis_HBS108723,H.B Shaffer Collection,MT958650,MT964340,MT958947,MT959740,KC687412,FJ770651,KC688164,MT964959,MT960880,MT961563,MT962009,MT962468,FJ770831,FJ770877,MT963800
Pplanicauda_HBS117740,H.B Shaffer Collection,MT958651,MT964341,MT959062,MT959741,MT965122,MT960192,MT960595,MT964984,MT961103,MT961564,MT962010,MT962469,MT962929,MT963313,MT963801
Pplanicauda_HBS119433,H.B Shaffer Collection,MT958652,MT964342,MT959063,MT959742,MT965121,MT960193,MT960596,MT964632,MT961108,MT961565,MT962011,MT962470,MT962930,MT963314,MT963802
Pplanicauda_HBS119434,H.B Shaffer Collection,MT958653,MT964343,MT959065,MT959743,MT965120,MT960194,MT960597,MT964633,MT961050,MT961566,MT962012,MT962471,MT962931,MT963315,MT963803
Prubriventris_USNM544373,United States National Museum,KX558391,KX558878,MT958982,KC687500,MT965428,KC687665,KC688167,MT964948,KX558702,KX559330,MT962015,MT962475,KX558725,KC687997,KX559104
Prubriventris_USNM561163,United States National Museum,MT958659,MT964349,MT959017,KC687501,MT965427,KC687666,KC688168,KC687751,MT960795,MT961571,MT962016,MT962476,MT962937,KC687998,MT963809
Psmithii_AMNH166664,American Museum of Natural History,MT958666,MT964356,MT959051,MT959756,MT965362,MT960205,MT960606,MT964861,MT961019,MT961578,MT962019,MT962478,MT962944,MT963321,MT963816
Ptecta_AMCC166665,Ambrose Monell Cryo Collection AMNH,MT958676,MT964368,MT959049,MT959769,MT965164,MT960213,MT960617,MT964860,MT961154,MT961591,MT962027,MT962485,MT962957,MT963327,MT963829
Ptexana_RCT2,Robert Thomson Collection,KX558392,KX558879,MT959005,MT959772,MT965426,MT960214,MT960620,KC687752,KX558703,KX559331,MT962030,MT962488,MT962960,KC687999,MT963832
Ptexana_RCT66,Robert Thomson Collection,MT958680,MT964372,MT959006,KC687504,MT965425,MT960215,MT960621,MT964958,MT960911,MT961595,MT962031,MT962489,MT962961,MT963331,MT963833
Ptverroxi_HBS112455,H.B Shaffer Collection,MT958684,MT964376,MT959155,MT959777,MT965100,MT960216,MT960622,MT964609,MT961062,MT961599,MT962034,MT962493,MT962965,MT963332,MT963837
Rannulata_USNM559586,United States National Museum,GU085524,GU085543,GU085562,GU085581,GU085600,GU085614,GU085632,GU085650,GU085666,GU085690,GU085679,GU085708,GU085722,MT963335,GU085849
Rareolata_HBS108667,H.B Shaffer Collection,MT958692,MT964384,MT959113,MT959785,MT965534,MT960220,MT960625,MT964669,MT961137,MT961606,MT962038,MT962496,MT962970,MT963336,MT963844
Rdiademata_HBS121588,H.B Shaffer Collection,MT958694,MT964386,MT959115,MT959787,MT965467,MT960222,MT960627,MT964672,MT961155,MT961608,MT962039,MT962498,MT962972,MT963338,MT963845
Rfunerea_USNM559587,United States National Museum,MT958695,MT964387,MT959119,MT959788,MT965150,MT960223,MT960628,MT964886,MT961082,MT961609,MT962040,MT962499,MT962973,MT963339,MT963846
Rpulcherrima_MVZ230924,Museum of Vertebrate Zoology,MT958702,MT964394,MT959122,MT959795,MT965155,MT960228,MT960632,MT964667,MT960942,MT961615,MT962046,MT962506,MT962977,MT963346,MT963851
Rpunctularia_HBS123633,H.B Shaffer Collection,MT958703,MT964395,MT959117,MT959796,MT965152,MT960229,MT960633,MT964929,MT961156,MT961616,MT962047,MT962507,MT962978,MT963347,MT963852
Rpunctularia_HBS123634,H.B Shaffer Collection,MT958704,MT964396,MT959118,MT959797,MT965151,MT960230,MT960634,MT964668,MT961096,MT961617,MT962048,MT962508,MT962979,MT963348,MT963853
Sbealei_HBS108668,H.B Shaffer Collection,MT958707,MT964398,MT959203,MT959800,MT965193,MT960233,MT960636,MT964700,MT961138,MT961620,MT962051,MT962511,MT962981,MT963351,MT963855
Sbealei_HBS116251,H.B Shaffer Collection,MT958708,MT964399,MT959206,MT959801,MT965190,MT960234,MT960637,MT964701,MT961157,MT961621,MT962052,MT962512,MT962982,MT963352,MT963856
Scrassicollis_FMNH259054,Field Museum of Natural History,MT958710,MT964401,MT959089,MT959803,MT965028,MT960236,MT960639,MT964688,MT961087,MT961623,MT962054,MT962514,MT962984,MT963353,MT963858
Spardalis_HBS109888,H.B Shaffer Collection,GU085521,GU085540,GU085559,GU085578,GU085597,EU787079,GU085630,GU085647,GU085664,EU787162,MT962057,GU085706,EU787269,EU787376,GU085846
Squadriocellata_FMNH256542,Field Museum of Natural History,MT958715,MT964406,MT959231,MT959808,MT965192,MT960241,MT960642,MT964702,MT961163,DQ386675,MT962058,MT962519,MT962989,MT963358,MT963863
Squadriocellata_MVZ230484,Museum of Vertebrate Zoology,MT958716,MT964407,MT959229,MT959809,MT965191,MT960242,MT960643,MT964703,MT961175,MT961629,MT962059,MT962520,MT962990,MT963359,MT963864
Tadiutrix_HBS117931,H.B Shaffer Collection,MT958728,MT964420,MT959025,MT959822,MT965076,MT960254,MT960656,MT964950,MT960849,MT961642,MT962072,MT962533,MT963003,MT963360,MT963876
Tadiutrix_HBS117932,H.B Shaffer Collection,MT958729,MT964421,MT959022,MT959823,MT965081,MT960255,MT960657,MT964914,MT960835,MT961643,MT962073,MT962534,MT963004,MT963361,MT963877
Tcallirostris_HBS123592,H.B Shaffer Collection,MT958731,MT964423,MT958964,MT959825,MT965089,MT960257,MT960659,MT964579,MT960851,MT961645,MT962074,MT962536,MT963006,MT963363,MT963879
Tcarolina_HBS108689,H.B Shaffer Collection,KX558393,KX558880,MT958942,KX558953,KX559070,FJ770654,KX559218,KX558805,KX558704,FJ770698,FJ770743,KX559251,FJ770834,FJ770880,KX559106
Tcarolina_HBS27240,H.B Shaffer Collection,KX558394,KX558881,MT958928,KC687505,KC687420,EU787086,KC688172,KC687755,KX558705,EU787168,EU787250,KC687591,EU787276,EU787383,KX559107
Tcchichiriviche_HBS123593,H.B Shaffer Collection,MT958734,MT964426,MT959008,MT959828,MT965094,MT960258,MT960662,MT964572,MT960852,MT961646,MT962075,MT962539,MT963007,MT963364,MT963882
Tcchichiriviche_HBS123594,H.B Shaffer Collection,MT958735,MT964427,MT959009,MT959829,MT965093,MT960259,MT960663,MT964859,MT960853,MT961647,MT962076,MT962540,MT963008,MT963365,MT963883
Tcoahuila_CD3304 = HBS108678,H.B Shaffer Collection,KX558395,MT964429,MT958935,MT959831,KX559071,FJ770656,KX559219,KX558806,KX558706,FJ770700,FJ770745,KX559252,FJ770836,FJ770882,KX559108
Tcoahuila_LS586 = HBS108676,H.B Shaffer Collection,MT958738,MT964430,MT958927,MT959832,MT965040,EU787087,MT960666,KX558807,KX558707,EU787169,EU787251,KX559253,EU787277,EU787384,MT963886
Tctriunguis_HBS27365,H.B Shaffer Collection,MT958739,KX558884,MT958926,KX558956,MT965043,FJ770658,KX559221,KX558808,KX558708,FJ770702,FJ770747,KX559254,FJ770838,FJ770884,MT963887
Tctriunguis_HBS27385,H.B Shaffer Collection,MT958740,KX558885,MT958924,KX558957,KX559074,FJ770659,KX559222,KX558809,KX558709,FJ770703,FJ770748,KX559255,FJ770839,FJ770885,KX559111
Tdecorata_JFP598 = CAS 238931,California Academy of Sciences,MT958741,MT964433,MT958977,MT959835,MT965066,MT960261,MT960669,MT964554,MT960912,MT961649,MT962077,MT962546,MT963010,MT963367,MT963889
Tdecorata_JFP600 = MNHN 23.873-10,"Museo Nacional de Historia Natural, Dominican Republic",MT958742,MT964434,MT959026,MT959836,MT965065,MT960262,MT960670,MT964797,MT960897,MT961650,MT962078,MT962547,MT963011,MT963368,MT963890
Tdecussata_JFP629 = MVZ 265757,Museum of Vertebrate Zoology,MT958743,MT964435,MT959018,MT959837,MT965073,MT960263,MT960671,MT964551,MT960906,MT961651,MT962079,MT962548,MT963012,MT963369,MT963891
Tdecussata_JFP640 = MVZ 265768,Museum of Vertebrate Zoology,MT958744,MT964436,MT959011,MT959838,MT965074,MT960264,MT960672,MT964555,MT960889,MT961652,MT962080,MT962549,MT963013,MT963370,MT963892
Temolli_HBS117899,H.B Shaffer Collection,MT958747,MT964439,MT959027,MT959841,MT965068,MT960266,MT960675,MT964805,MT960777,MT961655,MT962083,MT962552,MT963016,MT963371,MT963895
Temolli_HBS123598,H.B Shaffer Collection,MT958749,MT964441,MT958992,MT959843,MT965069,MT960268,MT960677,MT964577,MT960828,MT961657,MT962084,MT962554,MT963018,MT963373,MT963897
Tgaigeae_TNHC50874,Texas Natural History Collections,MT958752,MT964444,MT958988,MT959846,MT965085,MT960269,MT960678,MT964570,MT960814,MT961660,MT962085,MT962557,MT963021,MT963375,MT963900
Tgaigeae_TNHC50875,Texas Natural History Collections,MT958753,MT964445,MT959031,MT959847,MT965086,MT960270,MT960679,MT964955,MT960815,MT961661,MT962086,MT962558,MT963022,MT963376,MT963901
Tgraeca_HBS119114,H.B Shaffer Collection,MT958754,MT964446,MT959179,MT959848,MT965413,MT960271,MT960680,MT964599,MT961139,MT961662,MT962087,MT962559,MT963023,MT963377,MT963902
Tgraeca_MVZ235707,Museum of Vertebrate Zoology,GU085526,GU085545,GU085564,GU085583,GU085602,GU085616,GU085634,GU085652,GU085668,GU085692,GU085681,GU085710,GU085724,MT963378,GU085851
Tgraeca_MVZ236881,Museum of Vertebrate Zoology,MT958755,MT964447,MT959180,MT959849,MT965224,MT960272,MT960681,MT964600,MT961072,MT961663,MT962088,MT962560,MT963024,MT963379,MT963903
Tmarginata_HBS121593,H.B Shaffer Collection,MT958764,MT964456,MT959154,MT959858,MT965225,MT960279,MT960688,MT964598,MT961123,MT961672,MT962094,MT962569,MT963031,MT963387,MT963912
Tnebulosa_MVZ137443,Museum of Vertebrate Zoology,MT958765,MT964457,MT958967,MT959859,MT965062,MT960280,MT960689,MT964568,MT960760,GQ896071,MT962095,MT962570,MT963032,FJ770856,KX559085
Toluteola_HBS108701,H.B Shaffer Collection,KX558399,KX558886,MT958925,KX558958,KX559075,FJ770657,KX559223,KX558810,KX558710,FJ770701,FJ770746,KX559256,FJ770837,FJ770883,MT963915
Toluteola_HBS27363,H.B Shaffer Collection,MT958767,KX558887,MT958941,KX558959,MT965036,EU787088,KX559224,KX558811,KX558711,EU787170,EU787252,KX559257,EU787278,EU787385,KX559113
Tselegans_HBS23001,H.B Shaffer Collection,KX558401,KX558888,MT959028,KX558960,KX559077,EU787081,KX559225,KX558812,KX558712,EU787163,EU787245,KX559258,EU787271,EU787378,KX559114
Tselegans_HBS27243,H.B Shaffer Collection,KX558402,MT964463,MT958974,MT959863,KX559078,FJ770661,MT960695,KX558813,KX558713,FJ770705,FJ770750,KX559259,FJ770841,FJ770887,MT963919
Tsscripta_HBS108687,H.B Shaffer Collection,MT958772,MT964464,MT958948,MT959864,MT965079,FJ770663,MT960696,MT964858,MT960935,FJ770707,FJ770752,MT962576,FJ770843,FJ770889,MT963920
Tsscripta_HBS108688,H.B Shaffer Collection,MT958773,MT964465,MT958998,MT959865,MT965078,FJ770662,MT960697,MT964995,MT960722,FJ770706,FJ770751,MT962577,FJ770842,FJ770888,MT963921
Tstejnegeri_HBS108728,H.B Shaffer Collection,KX558403,KX558890,MT958973,KX558962,KX559079,FJ770664,KX559227,KX558814,KX558714,FJ770708,FJ770753,MT962578,FJ770844,FJ770890,MT963922
Tstejnegeri_HBS108772,H.B Shaffer Collection,MT958775,MT964467,MT958971,MT959867,MT965063,FJ770665,MT960699,KX558815,KX558715,FJ770709,FJ770754,MT962579,FJ770845,FJ770891,MT963923
Ttaylori_0604LG047,Suzanne McGaugh Collection,MT958776,MT964468,MT959029,MT959868,MT965095,FJ770666,MT960700,MT964571,MT960830,FJ770710,FJ770755,MT962580,FJ770846,FJ770892,MT963924
Ttaylori_0604LGAF92,Suzanne McGaugh Collection,MT958777,MT964469,MT958972,MT959869,MT965096,FJ770668,MT960701,MT964778,MT960831,FJ770712,FJ770757,MT962581,FJ770848,FJ770894,MT963925
Tterrapen_JFP569 = CAS244098,California Academy of Sciences,MT958778,MT964470,MT958949,MT959870,MT965077,MT960282,MT960702,MT964552,MT960883,MT961673,MT962097,MT962582,MT963035,MT963389,MT963926
Tterrapen_JFP582 = CAS244109,California Academy of Sciences,MT958779,MT964471,MT958979,MT959871,MT965072,MT960283,MT960703,MT964556,MT960891,MT961674,MT962098,MT962583,MT963036,MT963390,MT963927
Tvenusta_HBS117896,H.B Shaffer Collection,MT958780,MT964472,MT958970,MT959872,MT965071,MT960284,MT960704,MT964836,MT960790,MT961675,MT962099,MT962584,MT963037,MT963391,MT963928
Tvenusta_HBS117897,H.B Shaffer Collection,MT958781,MT964473,MT959030,MT959873,MT965070,MT960285,MT960705,MT964915,MT960791,MT961676,MT962100,MT962585,MT963038,MT963392,MT963929
Tvenusta_HBS117898,H.B Shaffer Collection,MT958782,MT964474,MT958980,MT959874,MT965091,MT960286,MT960706,MT964867,MT960799,MT961677,MT962101,MT962586,MT963039,MT963393,MT963930
